query_id,candidate_id,compatibility,comment
_BqZgHJI3BU,9L5DsAy56AA,0.0,"Музыка явно содержит арабские мотивы. Что совсем не соотносится с весенним показом мод, который вероятнее всего проходил где-то в США или в Европе"
_BqZgHJI3BU,uQTNuj5ZiQg,2.0,"Достаточно хорошее совпадения ритмики и общего настроения с данным видео. Музыка энергичная, что хорошо соотносится с часто сменяющимися фотографиями нарядов участников показа мод."
_BqZgHJI3BU,L402imEpzyo,2.0,"В аудиодорожке содержатся слова, но они не выбиваются из общего контекста. Фраза очень хорошо ложится на видео, так как имеет мотивационное содержание. В аудио есть фраза: they told me two words: ""you can't"". My response was: ""watch me"". Далее играет крутая электронная музыка, которая также очень хорошо соотносится с видео."
_BqZgHJI3BU,I8_7WaRcnF8,2.0,"В аудио содержится песня группы imagine dragons, которая очень неплохо ложится на видеоролик."
_BqZgHJI3BU,XLm2llNlGlg,0.0,Музыка содержит мусульманские мотивы и напевы. Это совсем не совпадает с настроением видеоролика.
_BqZgHJI3BU,BwmZPMam2Ho,1.0,"В аудио присутствует неуместная речь. Она не соответствует общему настроению видеоролика. Речь не разборчивая, хотя музыка вполне подходит под вайб видеоролика"
mLve0fZDFds,i2faAyUnieY,0.0,"Крайне неудачное соотношение видео и аудио. В аудиодорожке содержится речь из обучающего видео по пикапу: ""Как познакомиться с девушкой в спортзале"". В то время как на видео показан обзор на рулон коврика, причем слабо понятно, что конкретно обозревается. Весьма странное видео. "
mLve0fZDFds,mLve0fZDFds,0.0,Оригинальная аудиодорожка исходного видео. Даже в оригинале данное видео плохо соотносится с музыкой.
mLve0fZDFds,9L5DsAy56AA,0.0,"Аудио содержит арабские напевы, что слабо соотносится с видео"
_BqZgHJI3BU,b8dNnTiYo00,1.0,"Музыка частично совпадает с настроением ролика. Аудио содержит элементы техно. Музыка чрезмерно энергичная, что немного выбивается из общего настроения показа мод. "
_BqZgHJI3BU,_BqZgHJI3BU,2.0,Попался оригинал аудиодорожки исходного ролика. Очень хорошее совпадение видео и аудио.
_BqZgHJI3BU,_eTBObC7rVY,2.0,"Аудио очень хорошо подходит под видеоролик. По моему субъективному мнению, даже лучше чем оригинальная музыка."
mLve0fZDFds,aflWMI5B8Iw,0.0,"Аудио содержит речь не на английском языке, поэтому трудно понять, о чем идет речь. Вероятнее всего , речь явно не о черном коврике из видео. Так что крайне сомнительная пара."
mLve0fZDFds,FvLB2anx-EE,0.0,"Аудио содержит речь о путешествиях, это не имеет ничего общего с содержимым на видео."
mLve0fZDFds,AV23KW-8je4,0.0,Аудио содержит речь на каком-то азиатском языке. Музыка из аудио также плохо подходит к видеоролику
mLve0fZDFds,I8_7WaRcnF8,1.0,"Песня imagine dragons - beliver. В целом, эта песня подходит почти под что угодно, но видео крайне не удачное, поэтому общее совпадение также слабое."
mLve0fZDFds,3N4ztMIVYSA,0.0,"Аудио плохо совпадает с видео, хотя пару нельзя назвать самой неудачно из всех предложенных кандидатов."
mLve0fZDFds,f_fKXAvmXyk,0.0,"Песня плохо подходит под обзор коврика, хотя пару нельзя назвать ужасной."
3N4ztMIVYSA,HFgwomf1EXk,0.0,Аудио содержит речь предположительно на языке Хинди. Абсолютно не соответствует видеоролику
3N4ztMIVYSA,efAaz96wATQ,1.0,"Частично подходит под видео. Музыка немного соотносится с вайбом видеоролика, хоть и совпадение нельзя назвать удачным."
3N4ztMIVYSA,xBynKonC9kw,2.0,Неплохое совпадение по темпу и ритму музыки и видео.
3N4ztMIVYSA,MuRlAg2jG2g,0.0,"Плохо подходит под видео. Аудио взято из видеонарезки, в которой расставлены свои акценты, не совпадающие с данным видеороликом."
3N4ztMIVYSA,ORgEjVt8GZI,1.0,"В аудиодорожке содержатся элементы репа, которые в целом неплохо соотносятся с видео, но при этом реп - не самый подходящий жанр под такой видеоролик."
3N4ztMIVYSA,wTMMEAYN6ug,1.0,"Аудио содержит речь под музыкальное сопровождение lofi. Пару нельзя назвать крайне несовпадающей, но при этом речь в аудио не очень хорошо ложится на происходящее в видео."
3N4ztMIVYSA,3N4ztMIVYSA,2.0,"Оригинальная аудиодорожка из исходного видео. Неплохо совпадает по смыслу. В видео - человек делает поделку из бумаги для мамы, в аудио - предположительно песня про маму. Поэтому соотношение неплохое."
3N4ztMIVYSA,AV23KW-8je4,0.0,"Аудио содержит речь, явно не имеющую никакого отношения к поделке своими руками из видеоролика."
3N4ztMIVYSA,aflWMI5B8Iw,0.0,"Аналогично, аудио содержит речь не на английском языке, которая не имеет ничего общего с происходящим в видео."
UvDYnk4I9bg,OZjNyJHVhXM,2.0,"Электронная музыка неплохо попадает в спортивное настроение видеоролика. Она энергичная, подвижная, совпадает по темпу с видео."
UvDYnk4I9bg,f_fKXAvmXyk,0.0,"Музыка достаточно плохо подходит под темп видео. Песня очень спокойная и лиричная, в то время как видео о спорте - подвижное и энергичное"
UvDYnk4I9bg,Z17uXzdDBc4,2.0,"Музыка неплохо ложится на содержимое видеоролика. Это трек snoop dog, который в целом подоходит под спортивную тематику."
UvDYnk4I9bg,_oj7FUL8x3k,0.0,"Аудио содержит речь о родителях и детях, в то время как видео транслирует баскетбольную тематику. Полное несовпадение."
UvDYnk4I9bg,UvDYnk4I9bg,2.0,Оригинальное аудио из исходного видеоролика. Аудио содержит разговоры и спокойную фоновую музыку.
UvDYnk4I9bg,L402imEpzyo,1.0,"Аудиозапись , содержащая мотивирующую речь и электронную музыку после нее. В целом, допустимая пара, аудио неплохо подходит под спортивную тематику."
UvDYnk4I9bg,i8L7ned--eU,0.0,Аудио является лайв выступлением под акустическую гитару и сама песня очень лиричная и грустная. Плохое совпадение со спортивным видео.
UvDYnk4I9bg,9L5DsAy56AA,0.0,"Музыка содержит арабские мотивы, плохое совпадение с видео, в котором американцы обсуждают баскетбол."
UvDYnk4I9bg,_BqZgHJI3BU,2.0,"Трек Трэви Скотта. Неплохо подходит под спортивную тематику, хоть и не идеально."
UvDYnk4I9bg,ZSFMhf72dP8,0.0,"Аудио очень короткое, совсем не подходит под видео. "
iRtsyXMGNQo,ZSFMhf72dP8,0.0,"Короткое аудио с восточными мотивами, плохое совпадение с настроением в видео. "
iRtsyXMGNQo,4hpQRe610yA,1.0,"Музыка содержит восточные мотивы, сложно оценить соответствие, так как по видео не понятно, в какой стране оно было снято. Пара вполне допустима в странах ближнего востока."
iRtsyXMGNQo,MuRlAg2jG2g,0.0,"Видео и аудио не совпадают по ритму, хотя по настроению вполне неплохой мэтч. Несоответствием является также то, что аудио по-видимому взято из видеонарезки, не имеющей ничего общего с видео."
iRtsyXMGNQo,HFgwomf1EXk,0.0,"Аудио содержит речь на языке хинди, что совсем не соответствует происходящему в видео."
iRtsyXMGNQo,bA5ejXkMSLg,2.0,"Неплохое совпадение музыки и видео. Под распаковку игрушек аудио вполне неплохо ложится и по настроению , и по темпу."
iRtsyXMGNQo,QE4p17gnULA,1.0,Музыка также содержит восточные мотивы и пара может быть вполне допустима в соответствующих странах
iRtsyXMGNQo,aflWMI5B8Iw,0.0,"Аудио содержит речь , явно не относящуюся к видео."
iRtsyXMGNQo,xBynKonC9kw,1.0,Аудио опять же содержит восточные-азиатские мотивы. Может быть допустимо в соответствующих странах
iRtsyXMGNQo,UvDYnk4I9bg,0.0,Аудио про баскетбол. Видео с распаковкой игрушек. Полное несоответствие.
iRtsyXMGNQo,iRtsyXMGNQo,2.0,Очень хорошее совпадение видео со своей оригинальной аудиодорожкой. 
bA5ejXkMSLg,6UWzH34_FDY,0.0,Скорее не подходит. Звук не имеет отношения к балету и звучит не уместно.
bA5ejXkMSLg,iRtsyXMGNQo,2.0,"Музыка хорошо соотносится с видеороликом. Хотя есть ощущение, что она слишком энергичная для видео о балете."
bA5ejXkMSLg,bA5ejXkMSLg,2.0,"Оригинальная дорожка. Классическая музыка, хорошо подходит к теме балета."
bA5ejXkMSLg,wTMMEAYN6ug,0.0,"Аудио содержит речь, не связанную с происходящим в ролике."
bA5ejXkMSLg,ZSFMhf72dP8,0.0,"Музыка очень короткая и имеет индийские мотивы, крайне плохо соотносится с видео."
bA5ejXkMSLg,_BqZgHJI3BU,1.0,"Трек Travis Scott, слишком энергичный для темы балета"
bA5ejXkMSLg,cXULxgvctI4,2.0,"Электронная музыка, неплохо подходит под видео"
bA5ejXkMSLg,6kRVsPfXdms,2.0,"Вполне соотносится с видео, хотя субьективно попадание слабое"
bA5ejXkMSLg,efAaz96wATQ,2.0,Хорошее попадание. Вполне неплохая пара.
MuRlAg2jG2g,iRtsyXMGNQo,2.0,Хорошо подходит под видео с рисунком. Достаточно совместимо
MuRlAg2jG2g,MuRlAg2jG2g,2.0,"Оригинальная аудиодорожка. Хорошо подходит под видео, имеет ритмические акценты, сопровождающиеся появляющимися восклицательными знаками на экране. "
MuRlAg2jG2g,UvDYnk4I9bg,0.0,"Сама по себе музыка неплохо подходит под видео, но она также содержит речь, связанную с баскетболом, что не соотносится с темой рисунка."
MuRlAg2jG2g,ZSFMhf72dP8,1.0,"Аудио не очень соотносится с темой рисунка, хотя я верю, что такое контент вполне реально встретить в интернете, поэтому пара вполне допустима"
MuRlAg2jG2g,wLfjr7B8ZLI,0.0,Аудиодорожка из интервью слабо соотносится с темой видео
MuRlAg2jG2g,N3rfEFocuvs,1.0,"Пара вполне могла бы встретиться в интернете, хотя совместимость сложно назвать хорошей."
MuRlAg2jG2g,6UWzH34_FDY,1.0,"Аналогично, пара вполне может существовать, но ее трудно назвать удачной"
MuRlAg2jG2g,__K1Xr4g-Hc,1.0,"Аналогичная ситуация. Пара вполне допустима. Так как на видео рисунок, вообще говоря трудно сказать, что прям явно ему не подходит , за исключением аудио, явно содержащего речь."
MuRlAg2jG2g,0VkG0HW1SW4,0.0,"Аудио презентация нового сериала, совсем не подходит тематике видео"
