epoch,train_loss,val_hit1,val_hit5,val_mrr,val_mean_rank,val_n,val_hit1_count,val_hit5_count
1,4.533140420913696,0.01818181818181818,0.10909090909090909,0.09065893126784522,23.236363636363638,55,1,6
2,2.7033480405807495,0.01818181818181818,0.14545454545454545,0.11137494610694706,22.0,55,1,8
3,1.5613094568252563,0.03636363636363636,0.14545454545454545,0.12782400628483492,22.272727272727273,55,2,8
4,0.8853074014186859,0.03636363636363636,0.14545454545454545,0.13000867339315259,22.836363636363636,55,2,8
5,0.4919501543045044,0.03636363636363636,0.16363636363636364,0.12839226570309978,23.21818181818182,55,2,9
6,0.26211100816726685,0.03636363636363636,0.14545454545454545,0.1268659392445991,24.054545454545455,55,2,8
7,0.16013457253575325,0.03636363636363636,0.14545454545454545,0.12325388652291769,24.436363636363637,55,2,8
8,0.10670578479766846,0.03636363636363636,0.14545454545454545,0.1197958815951624,24.854545454545455,55,2,8
9,0.07730945013463497,0.03636363636363636,0.14545454545454545,0.12248586153591993,24.89090909090909,55,2,8
10,0.056101417168974876,0.03636363636363636,0.14545454545454545,0.11759090665050546,25.381818181818183,55,2,8
11,0.04686814919114113,0.03636363636363636,0.14545454545454545,0.11635419112228629,25.8,55,2,8
12,0.03971534222364426,0.03636363636363636,0.14545454545454545,0.11523901849427577,25.98181818181818,55,2,8
13,0.03555781301110983,0.03636363636363636,0.14545454545454545,0.11442895309103138,26.4,55,2,8
14,0.029526492580771446,0.03636363636363636,0.14545454545454545,0.11163245913094931,26.581818181818182,55,2,8
