video_id,rank
0VkG0HW1SW4,1
3N4ztMIVYSA,35
3xOs90Cknmw,12
4hpQRe610yA,36
4qNEDIgMGWU,21
6UWzH34_FDY,16
6kRVsPfXdms,26
8wdxJt3T3pA,49
9L5DsAy56AA,40
AV23KW-8je4,48
BwmZPMam2Ho,7
C3bzFlhW7Rs,5
EUoNJKeU2fo,15
FvLB2anx-EE,10
HFgwomf1EXk,19
I8_7WaRcnF8,39
L402imEpzyo,19
MuRlAg2jG2g,35
N3rfEFocuvs,31
ORgEjVt8GZI,15
OZjNyJHVhXM,41
QE4p17gnULA,19
UvDYnk4I9bg,45
VPmey0genvM,17
XLm2llNlGlg,43
Z17uXzdDBc4,19
ZAsbBQpa75M,18
ZSFMhf72dP8,30
_BqZgHJI3BU,30
__K1Xr4g-Hc,15
_eTBObC7rVY,27
_oj7FUL8x3k,2
aflWMI5B8Iw,49
b8dNnTiYo00,52
bA5ejXkMSLg,8
cXULxgvctI4,5
eHgAG7Fy3-4,37
efAaz96wATQ,32
f_fKXAvmXyk,9
i2faAyUnieY,4
i8L7ned--eU,1
iRtsyXMGNQo,12
mLve0fZDFds,48
nNqDnfZkD_A,33
pi0Tjah-5Ac,1
tSX_Ai5765M,46
u19G_Vl5VkM,43
uQTNuj5ZiQg,45
uny_nDxgjX0,8
wLfjr7B8ZLI,17
wTMMEAYN6ug,26
xBynKonC9kw,3
yvm1M9jFmFo,27
