query_id,candidate_id,sources,model_rank,compatibility,comment
_BqZgHJI3BU,9L5DsAy56AA,model,1,,
_BqZgHJI3BU,uQTNuj5ZiQg,mel;random,10,,
_BqZgHJI3BU,L402imEpzyo,model,2,,
_BqZgHJI3BU,I8_7WaRcnF8,random,11,,
_BqZgHJI3BU,b8dNnTiYo00,random,35,,
_BqZgHJI3BU,XLm2llNlGlg,model,3,,
_BqZgHJI3BU,_BqZgHJI3BU,original,17,,
_BqZgHJI3BU,_eTBObC7rVY,mel,27,,
_BqZgHJI3BU,BwmZPMam2Ho,mel,25,,
mLve0fZDFds,i2faAyUnieY,mel,26,,
mLve0fZDFds,mLve0fZDFds,original,38,,
mLve0fZDFds,9L5DsAy56AA,random,30,,
mLve0fZDFds,aflWMI5B8Iw,model,3,,
mLve0fZDFds,FvLB2anx-EE,random,8,,
mLve0fZDFds,I8_7WaRcnF8,random,41,,
mLve0fZDFds,AV23KW-8je4,model,2,,
mLve0fZDFds,3N4ztMIVYSA,model;mel,1,,
mLve0fZDFds,f_fKXAvmXyk,mel,27,,
3N4ztMIVYSA,HFgwomf1EXk,mel,15,,
3N4ztMIVYSA,efAaz96wATQ,mel,49,,
3N4ztMIVYSA,xBynKonC9kw,model,2,,
3N4ztMIVYSA,MuRlAg2jG2g,mel,25,,
3N4ztMIVYSA,ORgEjVt8GZI,random,43,,
3N4ztMIVYSA,wTMMEAYN6ug,random,47,,
3N4ztMIVYSA,3N4ztMIVYSA,model;original,3,,
3N4ztMIVYSA,AV23KW-8je4,random,8,,
3N4ztMIVYSA,aflWMI5B8Iw,model,1,,
UvDYnk4I9bg,OZjNyJHVhXM,mel,28,,
UvDYnk4I9bg,f_fKXAvmXyk,mel,43,,
UvDYnk4I9bg,Z17uXzdDBc4,model,1,,
UvDYnk4I9bg,_oj7FUL8x3k,random,25,,
UvDYnk4I9bg,UvDYnk4I9bg,original,14,,
UvDYnk4I9bg,L402imEpzyo,model,3,,
UvDYnk4I9bg,i8L7ned--eU,random,24,,
UvDYnk4I9bg,9L5DsAy56AA,mel,36,,
UvDYnk4I9bg,_BqZgHJI3BU,model,2,,
UvDYnk4I9bg,ZSFMhf72dP8,random,34,,
iRtsyXMGNQo,ZSFMhf72dP8,mel,17,,
iRtsyXMGNQo,4hpQRe610yA,model,3,,
iRtsyXMGNQo,MuRlAg2jG2g,random,15,,
iRtsyXMGNQo,HFgwomf1EXk,mel,11,,
iRtsyXMGNQo,bA5ejXkMSLg,random,31,,
iRtsyXMGNQo,QE4p17gnULA,random,41,,
iRtsyXMGNQo,aflWMI5B8Iw,mel,28,,
iRtsyXMGNQo,xBynKonC9kw,model,1,,
iRtsyXMGNQo,UvDYnk4I9bg,model,2,,
iRtsyXMGNQo,iRtsyXMGNQo,original,8,,
bA5ejXkMSLg,6UWzH34_FDY,mel,11,,
bA5ejXkMSLg,iRtsyXMGNQo,mel,18,,
bA5ejXkMSLg,bA5ejXkMSLg,original,19,,
bA5ejXkMSLg,wTMMEAYN6ug,random,44,,
bA5ejXkMSLg,ZSFMhf72dP8,model,1,,
bA5ejXkMSLg,_BqZgHJI3BU,random,5,,
bA5ejXkMSLg,cXULxgvctI4,model,2,,
bA5ejXkMSLg,6kRVsPfXdms,model,3,,
bA5ejXkMSLg,efAaz96wATQ,mel;random,9,,
MuRlAg2jG2g,iRtsyXMGNQo,mel,16,,
MuRlAg2jG2g,MuRlAg2jG2g,original,6,,
MuRlAg2jG2g,UvDYnk4I9bg,mel;random,46,,
MuRlAg2jG2g,ZSFMhf72dP8,model,3,,
MuRlAg2jG2g,wLfjr7B8ZLI,random,49,,
MuRlAg2jG2g,N3rfEFocuvs,mel,24,,
MuRlAg2jG2g,6UWzH34_FDY,model,1,,
MuRlAg2jG2g,__K1Xr4g-Hc,random,36,,
MuRlAg2jG2g,0VkG0HW1SW4,model,2,,
4hpQRe610yA,uQTNuj5ZiQg,model,1,,
4hpQRe610yA,ORgEjVt8GZI,mel,29,,
4hpQRe610yA,6UWzH34_FDY,random,16,,
4hpQRe610yA,iRtsyXMGNQo,model,2,,
4hpQRe610yA,AV23KW-8je4,random,34,,
4hpQRe610yA,__K1Xr4g-Hc,model,3,,
4hpQRe610yA,uny_nDxgjX0,mel,7,,
4hpQRe610yA,4hpQRe610yA,original,5,,
4hpQRe610yA,L402imEpzyo,random,21,,
4hpQRe610yA,nNqDnfZkD_A,mel,10,,
8wdxJt3T3pA,L402imEpzyo,mel,29,,
8wdxJt3T3pA,_BqZgHJI3BU,model,1,,
8wdxJt3T3pA,8wdxJt3T3pA,original,8,,
8wdxJt3T3pA,BwmZPMam2Ho,random,48,,
8wdxJt3T3pA,QE4p17gnULA,random,20,,
8wdxJt3T3pA,_oj7FUL8x3k,mel,34,,
8wdxJt3T3pA,_eTBObC7rVY,random,46,,
8wdxJt3T3pA,bA5ejXkMSLg,model,3,,
8wdxJt3T3pA,pi0Tjah-5Ac,model;mel,2,,
N3rfEFocuvs,N3rfEFocuvs,original,20,,
N3rfEFocuvs,3N4ztMIVYSA,random,10,,
N3rfEFocuvs,HFgwomf1EXk,random,36,,
N3rfEFocuvs,wTMMEAYN6ug,mel,30,,
N3rfEFocuvs,QE4p17gnULA,model,3,,
N3rfEFocuvs,nNqDnfZkD_A,mel,8,,
N3rfEFocuvs,yvm1M9jFmFo,random,13,,
N3rfEFocuvs,XLm2llNlGlg,model,1,,
N3rfEFocuvs,bA5ejXkMSLg,mel,35,,
N3rfEFocuvs,i2faAyUnieY,model,2,,
wTMMEAYN6ug,uQTNuj5ZiQg,random,5,,
wTMMEAYN6ug,i2faAyUnieY,mel,48,,
wTMMEAYN6ug,wTMMEAYN6ug,original,7,,
wTMMEAYN6ug,Z17uXzdDBc4,random,8,,
wTMMEAYN6ug,I8_7WaRcnF8,model,3,,
wTMMEAYN6ug,bA5ejXkMSLg,model,1,,
wTMMEAYN6ug,ZAsbBQpa75M,model,2,,
wTMMEAYN6ug,__K1Xr4g-Hc,random,40,,
wTMMEAYN6ug,tSX_Ai5765M,mel,32,,
wTMMEAYN6ug,QE4p17gnULA,mel,49,,
_oj7FUL8x3k,pi0Tjah-5Ac,model,1,,
_oj7FUL8x3k,FvLB2anx-EE,random,22,,
_oj7FUL8x3k,i8L7ned--eU,random,30,,
_oj7FUL8x3k,_oj7FUL8x3k,mel;original,13,,
_oj7FUL8x3k,wTMMEAYN6ug,model,3,,
_oj7FUL8x3k,_eTBObC7rVY,random,9,,
_oj7FUL8x3k,xBynKonC9kw,mel,46,,
_oj7FUL8x3k,wLfjr7B8ZLI,model,2,,
_oj7FUL8x3k,UvDYnk4I9bg,mel,17,,
