pair_id,video_id,url,annotation,split,download_ok,video_path,duration,error,sha256,feature_path,music_mean,speech_mean,music_fraction,music_ok,audio_clean,semantic_warning,train_clean,human_music,human_speech,human_pair_fit,comment
12424,g13f5LFRPRc,https://www.youtube.com/watch?v=g13f5LFRPRc,"Rhythm and Synchronization: The video maintains a consistently fast pace throughout, showcasing the quick preparation of a crab and corn soup dish. However, the music doesn't quite align with this rapid visual progression. The music has a more moderate tempo and a predictable, repetitive rhythm that doesn't react to the video's transitions. There's no discernible synchronization between musical changes and visual shifts, creating a sense of disconnect between the two. This lack of rhythmic coherence is particularly evident during actions like pouring the soup mix and water, stirring the mixture, and adding it to the vegetables. These actions have a natural rhythm, but the music fails to mirror or accentuate them.

Theme and Content: The video demonstrates the simple steps involved in making crab and corn soup, offering a practical and informative visual guide. The music, however, has a generic, upbeat feel that doesn't specifically relate to food or cooking. The themes are entirely unrelated, and the music doesn't contribute to the video's instructional message or enhance its narrative. There's a clear thematic dissonance: the video focuses on a specific culinary task, while the music offers a generalized, non-descriptive soundscape.

Emotion: The video evokes a sense of tranquility and calm efficiency, showcasing the effortless process of preparing a comforting meal. In contrast, the music, while upbeat, lacks any distinct emotional depth. It's neither particularly joyful nor melancholic, simply providing a neutral background. This disparity results in an emotional mismatch. The serene visuals are juxtaposed against the somewhat detached music, preventing the music from elevating the video's inherent tranquility.  Instead, the music's emotional neutrality undercuts the video's subtle emotional undertones.

Cultural Relevance: The video centers around the preparation of crab and corn soup, but the visuals and packaging don't offer any strong cultural clues. The music, similarly, lacks any distinct cultural markers.  Neither the video nor the music includes any recognizable geographical or cultural references, rendering the aspect of cultural relevance essentially neutral. They exist in separate spheres, with no shared cultural elements to bridge the gap.
",train,True,data/revision/videos/g13f5LFRPRc.mp4,31.566666666666663,,7909434f5143a4756998251733c736c7aa28163f282492e76fc1f279b1850e5b,data/revision/features/fb18d57d296b/g13f5LFRPRc.npz,0.7941100001335144,0.004338838160037994,1.0,True,True,True,False,,,,
24953,fLW-TTZqST8,https://www.youtube.com/watch?v=fLW-TTZqST8,"Here is a detailed analysis of the provided video and music based on the given labels:

**Rhythm and Synchronization:** The video maintains a fast pace, swiftly transitioning between images of different animals. The music's tempo aligns well with this rapid visual progression, creating a sense of dynamic energy.  The music changes synchronously with the video at the 6-second mark, coinciding with the shift from an introductory montage to a focused image of a sailfish. This synchronization accentuates the introduction of the first animal on the list.  Around the 27-second mark, as the video transitions from the bat to the needletail, there's a shift in the music. While not perfectly synchronized, this near-transition musical change adds subtle emphasis to the video's quick cuts. 

**Theme and Content:** The video presents a countdown of the top 10 fastest animals, offering a factual and educational perspective. The music, however, doesn't explicitly relate to this theme.  While the music's fast tempo somewhat aligns with the idea of speed, it doesn't specifically enhance the video's educational message. It does create an air of excitement and intrigue. It could be seen as indirectly related in the sense that fast music evokes fast movement, although there is no clear thematic connection to the animal kingdom.

**Emotion:** The video primarily focuses on presenting factual information, with the visuals of the animals not evoking strong emotional responses. Similarly, the music is more rhythmic and energetic than emotionally charged. This emotional neutrality in both the video and the music leads to a sense of coherence, albeit in a neutral way. The music does not enhance the video, as neither one elicits a very strong emotional response.

**Cultural Relevance:** Neither the music nor the video incorporates notable cultural elements. The video features animals from various geographical locations, presented in a purely factual manner, and the music is not specific to any culture. There are no evident geographical references in the music, and the diverse habitats of the animals shown in the video don't appear to influence the music's style or content. The music appears to be a generic royalty-free piece that does not express any cultural element.
",train,True,data/revision/videos/fLW-TTZqST8.mp4,36.766666666666666,,6be129332f514f19ce40983873d4ce3c42c73a842ba2e23b7761f9bea218c106,data/revision/features/fb18d57d296b/fLW-TTZqST8.npz,0.9093838334083557,0.26816073060035706,1.0,True,True,False,True,,,,
24376,fwV6M8acpsI,https://www.youtube.com/watch?v=fwV6M8acpsI,"Rhythm and Synchronization: The music's tempo is medium and generally aligns well with the video's pace. While the video mostly consists of screen recordings demonstrating the BandLab app's functionality, there are specific points where the music noticeably shifts or adds a layer in proximity to transitions in the app's interface. For example, around the 0:36 mark, as the vocals begin in the recording, a rhythmic element is introduced in the music.  Later, near 0:38, when the processed vocals are displayed, another musical change occurs. This creates a sense of rhythmic interplay between the video's actions and the music's progression, although the synchronization isn't perfectly precise at all transitions.

Theme and Content: The music's theme doesn't directly relate to the video's content, which focuses on a tutorial about recording a song using the BandLab app. The video aims to inform viewers about the technical aspects of the app, whereas the music seems to be a separate song being created within the app itself, serving as a demonstration of its capabilities. While the music is an example of what can be created using the app, it doesn't enhance the instructional narrative of the video.

Emotion: The video maintains a neutral, instructional tone without conveying any particular emotion. It simply showcases the app's features and how to use them. The music, however, has its own emotional undertones. The song snippet seems to be introspective and a bit melancholic in its delivery and lyrics. This creates an emotional disconnect between the video's objective, no-emotion demonstration and the music's expressive quality.

Cultural Relevance: Neither the video nor the music appear to have any significant cultural connections. The video focuses on the technical functionality of the BandLab app, and the music is a contemporary song without any discernible cultural markers or geographical references.  Both elements exist independently in this context, without shared or contrasting cultural elements.
",train,True,data/revision/videos/fwV6M8acpsI.mp4,44.93333333333333,,15ba973385ff4532a61e6aaf0e6591b953553c17fe1948082a2799f1d569651a,data/revision/features/fb18d57d296b/fwV6M8acpsI.npz,0.7023678421974182,0.38944998383522034,1.0,True,False,False,False,,,,
17628,6kRVsPfXdms,https://www.youtube.com/watch?v=6kRVsPfXdms,"Rhythm and Synchronization: The video showcases a live band performance, featuring a consistent, medium tempo. The editing maintains a steady pace, capturing various band members and the audience. Due to the absence of key timestamps in the provided tags, it's apparent that the video doesn't rely on sharp cuts or transitions synchronized to musical beats.  The focus is on capturing the overall energy and atmosphere of the performance rather than creating a visually driven narrative through rhythmic editing. The consistent tempo of the music and the unhurried pace of the video create a sense of stability and allow the viewer to focus on the band's performance.

Theme and Content: The video content and the music are strongly related, capturing a live musical performance. The video focuses on showcasing the band playing their music live on stage before an audience.  While the video doesn't tell a particular story beyond the performance itself, the music acts as the central element around which the visuals revolve. The music and video function independently, meaning the video isn't telling a story that the music is underscoring. Instead, it is documenting a real-time event.

Emotion: The video captures a live performance, focusing on presenting the band and their music.  It doesn't aim to evoke specific emotions beyond the general feeling of enjoying live music.  The band members appear engrossed in their performance, and the audience seems receptive.  The overall tone of the video is neutral and presents a straightforward representation of a band playing their music. The music itself doesn't convey intense emotion either, and this consistency in tone between the music and video helps maintain the focus on the performance.

Cultural Relevance: Neither the music nor the video showcases specific cultural elements or geographical references.  The video features the band and the audience without highlighting any particular cultural background or origin, instead focusing purely on the musical performance aspect. The music also lacks distinct cultural markers. This lack of explicit cultural elements makes the presentation universal and accessible to a broader audience.
",test,True,data/revision/videos/6kRVsPfXdms.mp4,59.22583333333333,,bd36b50dd71b5d56c39ed1001ce6931a5a8cadaf9b54f7328b2f2bb457d8b93e,data/revision/features/fb18d57d296b/6kRVsPfXdms.npz,0.9359493255615234,0.060326725244522095,1.0,True,True,False,True,,,,
13865,5F21rlWHmPs,https://www.youtube.com/watch?v=5F21rlWHmPs,"Rhythm and Synchronization: The video features a series of static shots showcasing Christmas decorations and cozy home settings. The pace of the video is slow, with transitions occurring at points like 0:03.  The music, however, maintains a consistent, moderately paced rhythm throughout, creating a sense of detachment from the visual narrative. This disconnect is amplified by the lack of synchronization between the musical rhythm and the video's transitions. The music doesn't shift or adapt to the changing visuals, resulting in a feeling of rhythmic incoherence.


Theme and Content: The video's content revolves around Christmas decorations and the cozy ambiance of a home during the holiday season. It aims to evoke feelings of warmth, comfort, and festive cheer. The music, however, has a distinct character that doesn't align with the Christmas theme. It lacks the traditional melodic elements or festive instrumentation typically associated with the holiday season.  This thematic dissonance prevents the music from effectively enhancing the video's message and creates a disconnect between the visual and auditory experiences.


Emotion: The video seeks to convey a sense of calm and peaceful domesticity. The visuals of the decorated Christmas tree, fireplace, and cozy interior elements evoke feelings of warmth and relaxation. However, the music carries a slightly different emotional tone, lacking the sentimentality one might expect from a Christmas-themed video.  This emotional mismatch diminishes the overall impact of the video, as the music doesn't amplify the intended emotional response. The music's consistent tone contrasts with the subtle emotional shifts in the video, creating a sense of emotional detachment.


Cultural Relevance: The video contains visual elements associated with Western Christmas traditions, like the decorated tree and Christmas stockings. While there are no explicit geographical references, the style of décor suggests a contemporary Western setting. The music, however, does not feature any discernible cultural elements that relate to Christmas or any specific geographical region. This absence of shared cultural elements further contributes to the disconnect between the video and the music. The music doesn't enhance or reinforce the cultural context of the video, creating a sense of incongruity.
",train,True,data/revision/videos/5F21rlWHmPs.mp4,29.4,,a4d3433a61ed47f271b96d0d16949afaa1afb81d67c80146ead9ffba06be4ede,data/revision/features/fb18d57d296b/5F21rlWHmPs.npz,0.8421604633331299,0.001778670004568994,1.0,True,True,True,False,,,,
3655,wvx0gU2vij4,https://www.youtube.com/watch?v=wvx0gU2vij4,"Rhythm and Synchronization: The video features numerous cuts and transitions, showcasing various aspects of the Mandrill Mayhem roller coaster, such as the entrance, the track, the cars, and the surrounding area. The video's pace is fast, dynamically shifting between different perspectives and shots.  However, the accompanying music maintains a relatively consistent tempo and rhythm throughout. While the music doesn't synchronize with the video's quick cuts, its steady beat creates a backdrop that complements the overall energy of the video, even though it doesn’t enhance the impact of the visuals through precise synchronization.

Theme and Content: The video focuses on the new Mandrill Mayhem roller coaster at Chessington World of Adventures, providing factual information about its features and theming. The music, on the other hand, lacks any direct thematic connection to roller coasters, amusement parks, or the Jumanji franchise. It doesn't enhance the video's informative and promotional message, nor does it tell a story that aligns with the visuals. This creates a thematic dissonance, where the music feels detached from the video's specific subject matter.

Emotion: The video primarily aims to inform and excite viewers about the new roller coaster, yet it maintains a neutral emotional tone. The information presented is factual and the visuals, while dynamic, don't evoke strong emotions. The music's energetic and upbeat style contrasts with the video's neutrality.  While it might aim to instill a sense of excitement, it doesn't amplify any existing emotional cues within the video itself.  The mismatch in emotional tone further emphasizes the disconnect between the audio and visual elements.

Cultural Relevance: The video has a clear geographical reference, showcasing a specific location in the UK.  The Jumanji theming adds a layer of pop culture relevance. However, the music has no discernible cultural elements or geographical references that align with the video. This lack of shared cultural context contributes to the overall feeling that the music and video exist in separate spheres, not enhancing or interacting with each other on a cultural level.
",train,True,data/revision/videos/wvx0gU2vij4.mp4,40.766666666666666,,5794676c0f72ad4a1cba01a43a32f9c12fc627735efb8acd49d8400eafb425bd,data/revision/features/fb18d57d296b/wvx0gU2vij4.npz,0.6588802933692932,0.6964405179023743,1.0,True,False,True,False,,,,
26851,8zRR8Y78OwI,https://www.youtube.com/watch?v=8zRR8Y78OwI,"Rhythm and Synchronization: The music's fast tempo perfectly matches the energetic pace of the video. While there aren't distinct transitions throughout the video where the music synchronizes perfectly, the overall rhythm and pulse of the music consistently underscore the energy and movement on screen.  The steady beat, for instance, aligns well with the crowd's dancing and the performer's movements, creating a sense of constant motion and excitement. This cohesion in rhythm and pace maintains the video's dynamism and amplifies the sense of a live performance.

Theme and Content: The song's theme of struggling to move on from a past relationship, although relatable, doesn’t directly correlate with the video's content, which focuses on a DJ performing at a lively club. The lyrics express a sense of internal conflict and longing, while the visuals portray outward exuberance and shared energy within the club environment.  The video functions more as a backdrop for the song than as a direct narrative representation of the lyrics. While thematically independent, the video’s energy doesn't clash with the song's message.

Emotion: The music and video present a fascinating contrast in emotional tone. The lyrics evoke feelings of melancholy and longing, reflecting on the pain of a past love.  However, the video’s visuals pulsate with energy and excitement. The DJ's enthusiastic performance, the crowd's lively dancing, and the vibrant lighting all contribute to a joyful and upbeat atmosphere.  This juxtaposition creates a compelling tension between what's heard and what's seen. The video, through its sheer vibrancy, may actually distract somewhat from the raw emotion of the lyrics.

Cultural Relevance: Neither the music nor the video seem to lean on specific cultural elements. The setting of a generic club and the DJ's fairly universal style of performance avoid any strong cultural markers. The focus remains on the individual experience conveyed by the lyrics and the shared excitement of a live music event, making both music and video accessible across various cultural contexts. There isn't any discernible geographic reference in either the video or music.
",train,True,data/revision/videos/8zRR8Y78OwI.mp4,37.3,,f46d67e54e032b37ae76a3a48d1fcdb79027cc11e58cda49b0d9e786b0db2db4,data/revision/features/fb18d57d296b/8zRR8Y78OwI.npz,0.8561952114105225,0.023572126403450966,1.0,True,True,False,True,,,,
10017,fVO-2l00MkU,https://www.youtube.com/watch?v=fVO-2l00MkU,"Rhythm and Synchronization: The music maintains a consistent medium tempo throughout, which generally aligns with the video's pace.  The video progresses through a series of steps in modifying a toy car, and the steady beat of the music provides a backdrop without directly synchronizing with each individual action. Since there aren't significant shifts in the visual pacing or editing, the music doesn't need to adapt its rhythm. This creates a somewhat detached but not jarring rhythmic relationship.


Theme and Content: The video demonstrates how to upgrade a toy car's battery, while the music has a generic, upbeat feel. There is no thematic connection between the practical, instructional nature of the video and the music. The music doesn't enhance the video's message or narrative; it simply serves as background audio. 


Emotion: The video primarily evokes a sense of surprise as the viewer witnesses the transformation of the toy car. The music, on the other hand, conveys a sense of general positivity. This creates a dissonance between the two. The surprise generated by the car modification isn't reflected or amplified by the music.


Cultural Relevance: Neither the video nor the music features any discernible cultural elements. The focus is solely on the technical modification of the toy car and generic background music, respectively. There are no specific geographical references in either, so there's no basis for assessing cultural alignment or misalignment.
",val,True,data/revision/videos/fVO-2l00MkU.mp4,38.9389,,df8b249d8576715b6daa68db10be0a0b2c30409c59189fc7838a60a6f4ec14e9,data/revision/features/fb18d57d296b/fVO-2l00MkU.npz,0.6340952515602112,0.6771159172058105,1.0,True,False,False,False,,,,
7940,nl-Vs63BrOk,https://www.youtube.com/watch?v=nl-Vs63BrOk,"Rhythm and Synchronization: The video maintains a fast pace, switching between different characters from The Walking Dead approximately every two seconds.  The music, however, follows a consistent, moderate tempo with a repetitive melodic phrase. This creates a disconnect between the rapid visual changes and the steady, unchanging auditory backdrop. The lack of synchronization emphasizes the video's quick cuts, making them feel more abrupt and less integrated with the music.

Theme and Content: The video presents a compilation of favorite characters from each season of The Walking Dead. The music, a pop song, does not thematically connect with the post-apocalyptic, survival-focused themes of the show.  There's no shared narrative or message between the two, leading to thematic dissonance. The pop song's themes of love and longing feel out of place alongside the gritty, often violent imagery of the show.

Emotion: The video primarily focuses on showcasing characters with minimal emphasis on emotional scenes. The characters' expressions range from neutral to intense, but the rapid cuts prevent any single emotion from resonating deeply. The upbeat, almost carefree tone of the music clashes with the serious and often grim atmosphere associated with The Walking Dead. This mismatch undermines any potential emotional impact the video might have had, especially given its rapid-fire presentation of characters.

Cultural Relevance:  The video is directly tied to the popular culture phenomenon of The Walking Dead, a television series with a global following.  The music, a generic pop song, has no discernible cultural ties to the show itself. There's no shared geographical reference or any other element that bridges the gap between the specific cultural context of The Walking Dead and the broadly appealing, but ultimately unrelated, pop music.  This lack of connection further contributes to the overall sense of dissonance between the video and the audio.
",train,True,data/revision/videos/nl-Vs63BrOk.mp4,43.7,,a3c3104f142d3280fb03e9a04d2492bc2c94609fc997e7ab998df48393a0f8a7,data/revision/features/fb18d57d296b/nl-Vs63BrOk.npz,0.7961360812187195,0.016137022525072098,1.0,True,True,True,False,,,,
37985,RabjCXB4KXg,https://www.youtube.com/watch?v=RabjCXB4KXg,"Rhythm and Synchronization: The video features a series of cuts showcasing different skincare products.  The background music maintains a consistent, upbeat tempo throughout, irrespective of the visual changes. Since the video lacks dynamic transitions or significant shifts in pacing, the continuous nature of the music doesn't create a sense of rhythmic dissonance. However, the lack of specific synchronization between the music and the visual cuts results in a somewhat detached relationship between the two.  The music acts more as a sonic backdrop rather than an element actively engaged with the video's rhythm.

Theme and Content: The video focuses on recommending affordable skincare products, adopting an informative and practical tone.  The upbeat, almost playful music doesn't particularly align with the video's straightforward and functional purpose. While the music isn't jarring, it doesn't enhance or support the core message of the video, creating a thematic disconnect. The music's lighthearted nature doesn't inherently conflict with the content, but it doesn't contribute to the video's objective of providing skincare advice.

Emotion: The video presents information in a neutral and objective manner, lacking any strong emotional undertones. The presenter maintains a calm and informative demeanor. The music, on the other hand, carries a light, almost cheerful vibe.  This contrast creates an emotional mismatch. The music's upbeat nature doesn't amplify or complement the video's neutral emotional tone, resulting in a slightly disjointed experience. The music doesn't necessarily detract from the video's message, but it fails to establish an emotional synergy.

Cultural Relevance: The video, focusing on skincare product recommendations, doesn't feature prominent cultural elements. While the video references prices in Indian Rupees (₹), suggesting an Indian context, the music lacks any discernible cultural markers. This absence of shared cultural elements further underscores the disconnect between the audio and visual components.  The neutral nature of the music, while not clashing with the implicit Indian setting of the video, doesn't reinforce or engage with any specific cultural context.
",train,True,data/revision/videos/RabjCXB4KXg.mp4,10.566666666666666,,ed4e55a3e6145e316e6a021dcc9c7944300bb092e5bd76bdd821de59a938029a,data/revision/features/fb18d57d296b/RabjCXB4KXg.npz,0.6445098519325256,0.5368366837501526,1.0,True,False,True,False,,,,
35667,aflWMI5B8Iw,https://www.youtube.com/watch?v=aflWMI5B8Iw,"Rhythm and Synchronization: The music maintains a consistent, medium tempo throughout, featuring a repetitive melodic and rhythmic pattern. The video, however, presents a series of relatively static shots with minimal dynamic movement or abrupt transitions. While the music's steady rhythm provides a backdrop to the vlog-style video, there's no discernible synchronization between musical changes and visual edits. This lack of synchronization doesn't necessarily create a jarring effect, but it also doesn't enhance the visual narrative.  The consistent rhythm of the music could be perceived as slightly monotonous in relation to the shifting scenes of the video.

Theme and Content: The upbeat, almost whimsical nature of the music clashes with the everyday, personal content of the video. The video depicts a simple daily routine, starting with morning prayer, enjoying a cup of tea, making breakfast, and receiving a bouquet of flowers. The music, on the other hand, suggests a more lighthearted and perhaps even celebratory tone, which doesn't directly relate to any specific event in the vlog.  The music doesn't reinforce or supplement the video's storyline; rather, it exists as a separate auditory layer.

Emotion: The video conveys a sense of calm and cheerful contentment, particularly during the morning tea scene and while showcasing the flowers. This relaxed and pleasant mood is not mirrored in the music, which evokes a sense of lightheartedness and even whimsy. This difference in emotional tone creates a disconnect. The music doesn't amplify the video's emotional impact but rather introduces a different emotional layer that doesn't quite integrate with the visuals.

Cultural Relevance: Neither the music nor the video exhibits overt cultural elements or geographical markers. The video's content, depicting daily routines, is generally relatable across cultures.  The music itself is also stylistically generic, lacking distinct cultural influences. This absence of shared cultural elements further reinforces the overall disconnect between the audio and visual components. While the video does show a moment of prayer in front of Hindu deities, this fleeting glimpse doesn't find any resonance in the accompanying music.  Consequently, there's neither a clash nor a harmony in terms of cultural relevance. They simply exist independently.
",test,True,data/revision/videos/aflWMI5B8Iw.mp4,44.96666666666667,,a3f54d43765fd50b0ce65fcfe16db33c2dfb78c6535465246aac3ca8b7af2f65,data/revision/features/fb18d57d296b/aflWMI5B8Iw.npz,0.5589343905448914,0.6070079207420349,1.0,True,False,True,False,,,,
28677,iu5W1pOnjXk,https://www.youtube.com/watch?v=iu5W1pOnjXk,"Rhythm and Synchronization: The video maintains a dynamic pace, transitioning between different song excerpts and visual scenes. This varied rhythm is effectively complemented by the music, which shifts in tempo and style to align with each new segment.  The synchronization between music and video is particularly noteworthy at several key points. For instance, at 0:05, the start of a new song coincides perfectly with the introduction of a new visual scene. Similarly, at 0:25 and 0:44, the music changes synchronously with the video transitions, creating a sense of seamless flow and enhancing the impact of each new musical piece. Overall, the rhythmic coherence between the audio and visual elements is strong, contributing to the video's engaging and dynamic presentation.

Theme and Content: The video presents a compilation of G.V. Prakash Kumar's songs, showcasing different moods and styles.  While the music itself focuses on romantic and emotional themes, the visuals often depict scenes of romance and connection, effectively illustrating the underlying emotions of the songs. The video's content enhances the narrative implied within the music, deepening the viewer's connection to the songs by providing visual context. This thematic alignment between the music and video contributes to a cohesive viewing experience.

Emotion: The music in the video encompasses a range of emotions, from the cheerful and energetic to the more relaxed and romantic. The video's visuals largely mirror these emotions, featuring scenes that reflect the tone of each musical piece. The close-ups, romantic interactions, and expressive acting in the video amplify the emotional impact of the music.  While the emotional tones between the music and video are generally consistent, there are some minor discrepancies. For example, some of the more energetic musical segments are paired with visuals that might be perceived as more relaxed or contemplative. Despite these subtle differences, the music elevates the emotional impact of the video overall, creating a more engaging and immersive experience.

Cultural Relevance: The video primarily focuses on showcasing the music of G.V. Prakash Kumar, a prominent composer in the Tamil film industry. While there are visual elements that suggest a South Asian context, the video doesn't heavily emphasize specific cultural aspects or geographical references. The primary focus remains on the music and its emotional resonance, rather than exploring cultural themes in depth. The video effectively communicates the beauty and variety of the music without relying on explicit cultural markers.
",train,True,data/revision/videos/iu5W1pOnjXk.mp4,55.1,,1ac480d2205b0785b43b5e099b6767eccdce76a51e19dfe36831b287fd307e51,data/revision/features/fb18d57d296b/iu5W1pOnjXk.npz,0.852532684803009,0.42567992210388184,1.0,True,False,False,False,,,,
2298,NVL4j-sA2og,https://www.youtube.com/watch?v=NVL4j-sA2og,"Rhythm and Synchronization: The upbeat tempo of the music contrasts with the relatively steady pace of the video, creating a sense of rhythmic dissonance. The video primarily focuses on a child skiing down a snowy slope.  While there isn't a consistent synchronization throughout, a noticeable shift in the music occurs around the 15-second mark, just as the adult skier speaks and begins to follow the child.  This shift, however, doesn't feel particularly connected to the visual transition, suggesting a more coincidental rather than intentional relationship between the audio and video rhythms. Overall, the music's dynamic rhythm doesn't align well with the video's more continuous, flowing movement.

Theme and Content: The electronic dance music doesn't enhance or complement the video's content. The video depicts a heartwarming scene of a child learning to ski, while the music evokes a sense of excitement more suited for a party or energetic workout.  The thematic dissonance is quite apparent: the video centers on a quiet, personal achievement in a natural setting, whereas the music suggests a vibrant, social atmosphere.  The two don’t work together to tell a cohesive story.

Emotion:  The video conveys feelings of happiness, relaxation, and confidence as the young skier navigates the slope. The music, on the other hand, projects a more generic sense of energetic excitement. The emotional tones of the video and music don't match.  The heartwarming and proud feelings evoked by the child's accomplishment are not amplified or even reflected in the music. Instead, the chosen music distracts from the genuine emotion of the video.

Cultural Relevance: Neither the music nor the video appears to have any specific cultural elements attached. The scene of skiing could take place in many parts of the world, and the music is a genre with broad international appeal, making it difficult to pinpoint any shared cultural ground.  The video's lack of distinct cultural markers and the music's globalized nature result in a neutral cultural relationship, neither enhancing nor detracting from each other.
",train,True,data/revision/videos/NVL4j-sA2og.mp4,31.2,,014b22810be2f1e84a29fe80b28f343b21e8b0c86abaec6d16171e48b09046be,data/revision/features/fb18d57d296b/NVL4j-sA2og.npz,0.4234570264816284,0.751434862613678,0.6666666666666666,True,False,True,False,,,,
37386,e1LUxuvHGhE,https://www.youtube.com/watch?v=e1LUxuvHGhE,"Rhythm and Synchronization: The music maintains a fast tempo throughout, creating a lively and energetic backdrop. However, the synchronization with the video is largely inconsistent. While the music and video cuts align briefly at the 0:03 mark with a shift in both the visual and the music, for the remainder of the video, the fast-paced cuts don't have corresponding changes in the music. This disconnect between visual and auditory rhythms results in a lack of overall rhythmic coherence. The rapid succession of video clips, showcasing various individuals and settings, feels disjointed from the steady flow of the music. This suggests that the music wasn't specifically chosen or edited to synchronize with the video's transitions, resulting in a mismatch.

Theme and Content: The music's lyrical content, touching on themes of love and connection, doesn't appear to directly relate to the diverse array of video clips presented. The video features individuals in various contexts, from casual hangouts to solo performances, none of which seem to explicitly connect to the romantic undertones of the music. The absence of a clear narrative thread in the video further emphasizes this thematic dissonance.  The video aims for a dynamic showcasing of personalities, while the music maintains its own separate narrative. This separation creates a feeling of disconnection between the two elements.

Emotion: The music exudes a generally upbeat and cheerful vibe. However, the emotional tone of the video is more complex and multifaceted. While some clips portray cheerfulness and confidence, others lean towards more relaxed or appreciative expressions. This variety in emotional portrayal creates a mismatch with the consistently upbeat music. The music doesn't necessarily elevate or enhance the emotional impact of the video due to this discrepancy. While both video and music have positive elements, the range of emotions displayed in the video isn't mirrored by the music, preventing a unified emotional experience.

Cultural Relevance: Neither the music nor the video seem to emphasize any specific cultural elements. The video features individuals from diverse backgrounds, yet lacks specific cultural markers. Likewise, the music doesn't incorporate distinct cultural instrumentation or lyrical themes. This absence of a shared cultural context doesn't inherently create a mismatch, but rather contributes to the overall impression of the two elements existing independently. The focus is on individual expressions and general moods rather than specific cultural narratives, creating a sense of universality but without a distinct cultural anchor.
",train,True,data/revision/videos/e1LUxuvHGhE.mp4,12.0,,0301826d6960d3f40c173dcf07131951ebb26b47847f29a8d24299ca918cf6bd,data/revision/features/fb18d57d296b/e1LUxuvHGhE.npz,0.7498111724853516,0.024403780698776245,1.0,True,True,True,False,,,,
27299,KxObg9Hn6jA,https://www.youtube.com/watch?v=KxObg9Hn6jA,"Rhythm and Synchronization: The video features several distinct segments showcasing different aspects of the phone gimbal. While the music maintains a consistent, medium tempo throughout, it doesn't synchronize effectively with the visual transitions. For instance, at 0:28, the video cuts back to the presenter, yet there's no corresponding change in the music. This lack of rhythmic interplay between audio and visual elements creates a sense of disconnection.  The overall rhythmic feel is quite independent; the video progresses through its segments, while the music carries its own separate rhythm.

Theme and Content: The video's content, focused on a tech product review, clashes with the relaxed and somewhat ambient tone of the background music. The music doesn't reinforce the video's message about the gimbal's features and functionality. Instead, it creates a sense of disconnect, as if two separate entities are coexisting without a meaningful relationship. The music doesn't add any narrative depth to the product demonstration.

Emotion: The music evokes a sense of tranquility and relaxation, potentially even a subtle appreciation for something creative. However, the video remains predominantly informational and lacks strong emotional cues. The presenter maintains a neutral, no emotion tone throughout the demonstration. This mismatch between the music's tranquil vibe and the video's lack of distinct emotion creates an incongruity. The music, although pleasant, doesn't heighten the video's impact; rather, it seems to exist in a separate emotional sphere.

Cultural Relevance: Neither the video nor the music exhibits any overt cultural elements or geographical references. The video focuses on a universal product, the gimbal, and the music, with its ambient and generic style, lacks any distinct cultural markers. Therefore, there's neither a match nor a mismatch in terms of cultural relevance, as both remain culturally neutral.
",train,True,data/revision/videos/KxObg9Hn6jA.mp4,38.86666666666667,,a3f3c1e753c8f33856844408a993cdffceff9589702b15860f03ddee177e1881,data/revision/features/fb18d57d296b/KxObg9Hn6jA.npz,0.6410436034202576,0.6345531344413757,1.0,True,False,True,False,,,,
21294,vjms80fgrsY,https://www.youtube.com/watch?v=vjms80fgrsY,"Rhythm and Synchronization: The music maintains a medium, upbeat tempo throughout the video, which generally aligns with the video's pace of showcasing various vegan dishes and cooking processes.  The music’s consistent rhythm complements the flow of the video, creating a sense of continuous motion, though there isn't any targeted synchronization with specific video edits.

Theme and Content: The video focuses on promoting simple and affordable vegan recipes for students. The music, however, doesn’t have any explicit thematic connection to veganism, student life, or cooking. While the upbeat music could be interpreted as encouraging and possibly aligning with the presenter's enthusiasm for vegan cooking, it doesn't inherently reinforce the core message of the video. The music is more of a generic backdrop than a thematic complement.

Emotion: The video primarily conveys a sense of creativity and practicality, focusing on demonstrating the ease of vegan cooking. The presenter expresses some mild positive emotions, especially towards the end, while enjoying the food. The music has a generally cheerful and positive vibe, but it lacks specific emotional depth. The emotional tone of the music doesn’t strongly clash with the video but neither does it enhance or deepen the emotional experience. The emotional alignment remains somewhat neutral, primarily due to the video's focus on instructional content and the music's lack of distinct emotional cues.

Cultural Relevance: Neither the video nor the music prominently feature any specific cultural elements. The video focuses on demonstrating cooking processes and presenting food, without any particular cultural context.  The music similarly lacks any discernible cultural markers or geographical references. Thus, while they are aligned in their absence of cultural specificity, it doesn't constitute a strong cultural connection.  The focus of the video is universal – showcasing easy vegan recipes – and the music supports this universality by being culturally neutral.
",train,True,data/revision/videos/vjms80fgrsY.mp4,50.1,,acd559b3401c42213b9cc76a5d1539972d2dab9a1870454b755e47033a70dea2,data/revision/features/fb18d57d296b/vjms80fgrsY.npz,0.5827268958091736,0.81106036901474,1.0,True,False,False,False,,,,
41450,cMpT90l4nzs,https://www.youtube.com/watch?v=cMpT90l4nzs,"Rhythm and Synchronization: The music maintains a consistently fast tempo throughout, characterized by a driving beat and energetic feel. However, the video's pace varies.  The video features dialogue and interactions between characters, interspersed with moments of heightened action, like when one character hits the other two with a stick. These shifts in the video's pace don't correspond with any changes in the music's rhythm. The lack of synchronization between the video cuts and the musical beats further contributes to a sense of rhythmic disconnect.

Theme and Content: The video portrays a comedic school scenario involving students and a teacher. It touches on themes of friendship, mischief, and the consequences of not doing homework. The music, on the other hand, seems to be a romantic pop song, focusing on themes of love and devotion.  This thematic mismatch creates a dissonance.  The music doesn't enhance or complement the video's narrative; instead, it feels superimposed and irrelevant to the storyline.

Emotion: The video evokes humor and lightheartedness.  The characters' expressions and actions are exaggerated for comedic effect.  The music, however, conveys a different emotional tone. The romantic lyrics and the singer's passionate delivery suggest feelings of love and longing.  This emotional incongruity is further emphasized by the absence of any emotional shift in the music to align with the video's comedic moments. As a result, the music doesn't elevate the video's emotional impact but rather detracts from it.

Cultural Relevance: Neither the video nor the music exhibit strong cultural markers.  The school setting and the characters' attire are generic and could be found in many different cultural contexts.  Similarly, the music's style and instrumentation don't have specific cultural ties.  While the video features a picture of Chhatrapati Shivaji Maharaj in the background suggesting a probable Indian origin, this is a minor detail and not central to the video’s theme, and the music remains culturally neutral. Therefore, there’s no meaningful cultural connection between the video and the music.
",train,True,data/revision/videos/cMpT90l4nzs.mp4,58.75875875875876,,09658830a3427296f5650f9d7f180ceaa03b9aed7c5380e2beea84f265f0e7cb,data/revision/features/fb18d57d296b/cMpT90l4nzs.npz,0.8023703098297119,0.5093306303024292,1.0,True,False,False,False,,,,
4177,9-D84vX_WuM,https://www.youtube.com/watch?v=9-D84vX_WuM,"Rhythm and Synchronization: The video features two distinct scenes. The first scene, from 0:00 to 0:05, shows a woman in casual attire against a plain background. Her movements are energetic and playful, incorporating elements of dance. The second scene, starting at 0:05, features the same woman in a different outfit, against a backdrop with dynamic lighting and floating particles.  Her movements in this section are more fluid and graceful. The music’s tempo and rhythm change precisely at the 0:06 mark, coinciding with the visual transition. This synchronization enhances the impact of the scene change and creates a sense of rhythmic coherence between the music and the video.  While the music maintains a generally upbeat tempo throughout, the shift in its rhythmic complexity at 0:06 reflects the change in the video's energy, moving from playful and bouncy to a smoother, more ethereal feel.


Theme and Content: The video showcases a transition between two different aesthetics, possibly representing different facets of the woman’s personality or artistic expression. The music, a Korean pop song, has a bright and cheerful tone. While the music's upbeat nature complements the energetic feel of both scenes, it doesn’t specifically enhance a particular narrative or message within the video. The themes of the music (likely about love or happiness given the genre conventions) and the video's visual transition don't appear to be directly related. The video seems more focused on visual presentation and stylistic change, while the music exists independently as a catchy tune.


Emotion: The video evokes feelings of energy, cheerfulness, and confidence through the woman’s expressions and movements. The music, with its upbeat melody and lively rhythm, also conveys a sense of joy and positivity. While both the video and music share a generally positive emotional tone, the specific emotions don't perfectly align. The video's focus is on displaying dynamism and transformation, whereas the music independently evokes feelings of happiness and perhaps romance. This slight dissonance in the specific emotions conveyed doesn’t detract significantly from the overall viewing experience, but neither does it greatly enhance the video's impact.


Cultural Relevance: The video itself doesn’t seem to feature any specific cultural elements. The music, being a Korean pop song, naturally carries the cultural context of the K-pop genre, but this doesn't intersect with the video's content in a meaningful way. The video could be paired with music from any culture without significantly altering its message or impact. There are no discernible geographical references in either the video or music that connect or clash. The lack of shared cultural elements leaves the relationship between the music and video primarily in the realm of aesthetic and emotional resonance rather than cultural significance.
",train,True,data/revision/videos/9-D84vX_WuM.mp4,13.4,,6a678694482ff3d0bb21c00468babe34b44ad4470f71c9227f999f407c788a03,data/revision/features/fb18d57d296b/9-D84vX_WuM.npz,0.8913207054138184,0.009150223806500435,1.0,True,True,True,False,,,,
8465,aQlJoh01yGg,https://www.youtube.com/watch?v=aQlJoh01yGg,"Rhythm and Synchronization: The music maintains a medium, consistent tempo throughout the video. While the video itself features frequent scene changes every few seconds, showcasing different honeymoon destinations, the music doesn't consistently synchronize with these transitions.  There are moments of alignment, most noticeably at the 6-second mark, where the transition to a beach scene coincides with a distinct shift in the music. The overall impression, however, is that the musical rhythm serves as a constant backdrop to the changing visuals, only occasionally highlighting specific transitions, such as when the video shifts at approximately 34 seconds to the Maldives with no change in the music. This approach creates a sense of continuous flow while subtly emphasizing key visual changes.

Theme and Content: The video focuses on showcasing top honeymoon destinations, presenting visually appealing landscapes and romantic settings.  The music, however, has a distinctly different thematic focus.  Its electronic, somewhat ambient style doesn't directly relate to the concept of romance, travel, or specific cultural experiences. It provides a pleasant auditory experience, but doesn't enhance or reinforce the video's core message about ideal honeymoon locations.  The music doesn't actively detract from the video's purpose, it simply exists as a separate element without a strong thematic connection.

Emotion: The video evokes a sense of relaxation and appreciation for the beauty of the showcased destinations. The visuals of stunning beaches, luxurious resorts, and romantic moments create a tranquil and aspirational atmosphere. The music, while pleasant and relaxing, has a more neutral emotional tone.  It doesn't specifically evoke joy, romance, or any strong emotion associated with honeymoons. The music doesn't amplify the emotional impact of the video, nor does it clash with it. Instead, the music simply offers a generally positive and easy-listening backdrop that doesn’t interfere with the intended emotions.

Cultural Relevance: The video features a diverse range of locations across the globe, each representing a unique cultural context. However, the music doesn't incorporate any discernible cultural elements.  Its style remains consistent throughout, regardless of the specific geographical location displayed in the video.  There's no attempt to use music that reflects the local culture of Hawaii, Paris, Fiji, or any other featured destination. This disconnect creates a sense of universality in the music but also misses the opportunity to create a deeper, more culturally nuanced experience for the viewer.
",train,True,data/revision/videos/aQlJoh01yGg.mp4,37.46666666666667,,383fb53b87236c336d4c956c6a2dda052d6d7ee8249942bcf5c9bb8f4f9a7671,data/revision/features/fb18d57d296b/aQlJoh01yGg.npz,0.6846768856048584,0.22811846435070038,1.0,True,True,False,True,,,,
16751,FvLB2anx-EE,https://www.youtube.com/watch?v=FvLB2anx-EE,"Rhythm and Synchronization: The music maintains a consistent, medium tempo throughout the video. The video itself is a montage of short clips, with frequent cuts showing a ferret interacting with various people. While there aren't any prominent musical changes timed to specific video transitions, the steady beat of the music provides a pleasant backdrop to the quick cuts and changing scenes. This creates a sense of rhythmic coherence, even without precise synchronization at every transition. The unchanging nature of the music aligns with the video's lack of a distinct narrative arc, instead presenting a series of charming encounters.

Theme and Content: The upbeat and somewhat whimsical nature of the music doesn't directly relate to the video's content, which focuses on a ferret interacting with people. The music doesn't add any specific narrative layer or enhance the core message of the video, which seems primarily intended to showcase the ferret's charming antics. However, the music's generally positive tone doesn't clash with the video's lighthearted and heartwarming content.  While thematically not directly linked, the music doesn't detract from the overall viewing experience.

Emotion: The video elicits feelings of appreciation and amusement as the ferret interacts with passersby. The ferret's expressions and interactions are cute and heartwarming. The music, with its cheerful and upbeat melody, evokes a sense of lightheartedness and positivity. While the emotional tones of the music and video aren't directly related, they don't clash. The music maintains a consistent emotional level, while the video primarily focuses on the simple joy of the ferret's interactions. This results in a generally pleasant, if not deeply emotionally resonant, viewing experience.

Cultural Relevance: Neither the music nor the video appears to contain any specific cultural elements. The video showcases everyday interactions between a pet ferret and people in what looks like an urban setting. The music is a generic, upbeat instrumental piece. There are no discernable geographical references or cultural cues in either the visual or auditory components. This lack of specific cultural markers makes the video and music fairly universally relatable.
",test,True,data/revision/videos/FvLB2anx-EE.mp4,19.5,,46d3cc296cca7c3f3b27c23c89848248c9dd638e88e8138defdcddef0905b3c0,data/revision/features/fb18d57d296b/FvLB2anx-EE.npz,0.6746079325675964,0.4209641218185425,1.0,True,False,True,False,,,,
40365,0xGaW552QdA,https://www.youtube.com/watch?v=0xGaW552QdA,"Rhythm and Synchronization: The music and the video maintain a medium rhythm and are generally well-synchronized. The classical music's tempo provides a graceful and elegant backdrop to the ballet dancers' movements.  The consistent, moderate pace of the music aligns nicely with the ballet exercises demonstrated. There are specific moments of precise synchronization which strengthen the connection between audio and visual elements. At 0:04, as the verbal instructions in the video transition to the next set of steps, the music shifts subtly as well, creating a seamless feel. Another instance of this occurs at 0:13, marking another shift in the ballet exercises and accompanied by a corresponding change in the music.

Theme and Content: While not directly related, the classical music complements the ballet practice. The elegant and refined nature of the music fits well with the graceful movements of ballet. However, the music doesn't specifically enhance a particular narrative or deliver a distinct message related to the video's content. It serves more as an appropriate accompaniment to the visual demonstration of ballet exercises rather than adding a layer of storytelling.

Emotion: The music conveys a sense of tranquility and gracefulness, while the video displays a sense of controlled energy and focus. The dancers' precise and dedicated movements evoke feelings of appreciation and admiration for their art. The music, while slightly calmer in tone, does not clash with the video's emotional intent. While the emotional tones are not perfectly matched, the overall effect is still quite pleasant and supportive of the video's content.

Cultural Relevance: Both the music and video are rooted in Western culture, though the video does not aim to portray any specific geographical or cultural element. Ballet, as an art form, originated in Europe and continues to be a widely practiced and appreciated dance form across Western societies. The classical music chosen for the video is a typical accompaniment for ballet, further solidifying the association. However, there are no specific cultural references or elements within either the music or the video that would point to a particular region or time period.
",train,True,data/revision/videos/0xGaW552QdA.mp4,31.428571428571427,,a34139f0f066338dc36f8d9d93c1deebf52c2b2417e2d608288077b6d6082e7f,data/revision/features/fb18d57d296b/0xGaW552QdA.npz,0.8864544034004211,0.127714142203331,1.0,True,True,False,True,,,,
8221,cnqoN3ZpQ-4,https://www.youtube.com/watch?v=cnqoN3ZpQ-4,"Rhythm and Synchronization: The music and video in this piece exhibit a dynamic and generally well-aligned rhythmic relationship. The music's tempo varies, seamlessly shifting between slower, more reflective passages and upbeat, celebratory sections. This variation in tempo effectively mirrors the changing pace of the visuals. For instance, at the 0:04 mark, a distinct shift in the music coincides with the transition to a scene of children playing in the snow, creating a lively, joyful atmosphere. Similarly, at 0:46, another marked change in the music accompanies a shift to a calmer, more intimate scene of puppets gathered around a table, reflecting the shift in the visual narrative. The rhythmic coherence between audio and visual elements contributes significantly to the overall effectiveness of the video.

Theme and Content: The music's theme strongly complements the video's content. The cheerful, celebratory melody and the lyrics, even without understanding the specific language, clearly evoke the spirit of a festive occasion. This thematic alignment is further reinforced by the visuals, which depict various scenes associated with Chinese New Year celebrations, including traditional decorations, festive gatherings, and cultural performances. The music enhances the video's message of joy, hope, and renewal associated with the New Year, creating a cohesive and engaging viewing experience.

Emotion: Both the music and the video convey a predominantly happy and optimistic tone, creating a strong sense of emotional coherence. The upbeat melody and celebratory lyrics of the music evoke feelings of joy and excitement. This emotional tone is mirrored in the visuals, which depict scenes of cheerful celebration and togetherness. The music effectively elevates the emotional impact of the video, amplifying the sense of happiness and anticipation associated with the New Year. A brief, more reflective passage in both music and visuals around the 0:20 mark adds a layer of depth to the overall emotional landscape, hinting at the passage of time and memories of the past, but the overall mood remains positive and uplifting.

Cultural Relevance: The video and the music share explicit cultural elements related to Chinese New Year customs. The music, presumably in Mandarin Chinese, reinforces the cultural context of the video, which features traditional decorations like lanterns and red envelopes, symbolic imagery like the dragon and lion dances, and depictions of family gatherings and festive activities, all essential aspects of Chinese New Year celebrations. The accurate and respectful portrayal of these cultural elements adds depth and authenticity to the video, further enhancing its impact and resonance with viewers familiar with the cultural context. The inclusion of Indonesian translations in the lyrics hints at broader cultural exchange and outreach.
",train,True,data/revision/videos/cnqoN3ZpQ-4.mp4,59.73333333333333,,1c1ced606d5a23244d750673bfcdfebcdbaf975cff4206db6a8468fb1e4fe81d,data/revision/features/fb18d57d296b/cnqoN3ZpQ-4.npz,0.7441728711128235,0.10635345429182053,1.0,True,True,False,True,,,,
36728,yukJcaYQyDA,https://www.youtube.com/watch?v=yukJcaYQyDA,"Rhythm and Synchronization: The video features a series of quick cuts showcasing a band performing and the audience enjoying the show. However, there's no discernible synchronization between these visual transitions and the music. The music maintains a consistent fast tempo, seemingly unrelated to the shifting imagery in the video. The absence of rhythmic coherence creates a sense of detachment between the audio and visual components.  While the energy of the music aligns with the overall excitement of a live performance, the lack of synchronization diminishes the impact of the combined experience.

Theme and Content: The video depicts a typical punk rock or hardcore show, highlighting both the band's performance and the audience's enthusiastic response.  While the fast-paced, aggressive nature of the music might generally fit the atmosphere of this genre, it doesn't specifically relate to any clear narrative within the video.  The song doesn't appear to enhance or tell a story about the band, their music, or the concert itself.  It serves more as a backdrop, only loosely connected to the visual content. The lyrics, though aggressive and hard-hitting do not align with the energetic performance shown in the video or match the visual content.

Emotion: The video portrays a highly charged emotional atmosphere of excitement and cheerfulness, captured in the audience's energetic movements and the band members' passionate performance. While the music itself possesses an aggressive and powerful energy, this doesn't fully align with the predominantly positive and joyful emotions seen in the video. This creates a somewhat dissonant emotional landscape. The music's intensity doesn't detract entirely from the video's upbeat feel, but it doesn't enhance it either. Instead, the two exist in parallel, only partially reinforcing each other emotionally.

Cultural Relevance: The video presents a generic scene of a band playing in a small venue.  Aside from some band posters of well-known rock artists in the background, there aren't any overtly specific cultural references. Similarly, the music itself doesn't contain any discernible cultural markers.  Both the video and the audio seem to focus on the general experience of a live performance, without anchoring themselves to any particular cultural context.  This absence of specific cultural elements creates a sense of universality, allowing the video and music to connect with a broad audience, but simultaneously preventing a deeper exploration of any particular culture.
",val,True,data/revision/videos/yukJcaYQyDA.mp4,30.0,,033eed766157935bf91fc9cc6e3b7f5d85e59961e7e0deaf004643fb0f24c987,data/revision/features/fb18d57d296b/yukJcaYQyDA.npz,0.9293645024299622,0.010621845722198486,1.0,True,True,False,True,,,,
25527,--A5NAjLZzo,https://www.youtube.com/watch?v=--A5NAjLZzo,"Rhythm and Synchronization: The video features two distinct scenes spliced together, creating a contrast between a character seemingly searching for something within a room and another character expressing themselves freely outdoors. The music maintains a consistent, medium tempo throughout, not changing significantly during the transitions between these contrasting scenes. Because the video itself has minimal cuts or transitions beyond the initial juxtaposition of the two scenes, and the music doesn't adjust to these limited visual changes, the rhythm and synchronization feel somewhat disconnected.  The music flows continuously without any notable shifts in tempo or rhythm to align with the visual shifts. This lack of synchronization creates a sense of detachment between the audio and visual elements.

Theme and Content: The video presents a message about finding happiness within oneself, contrasting an indoor scene of apparent searching with an outdoor scene of liberation.  The music, however, doesn't directly address this theme. The lyrics, which discuss a journey, could be interpreted metaphorically, but they don't clearly reinforce the video's message about internal happiness. This thematic disconnect diminishes the impact of the video's message, as the music doesn't provide a supportive or complementary narrative.

Emotion: The video presents a subtle contrast in emotions. The indoor scene suggests a feeling of unease or perhaps a restless search, while the outdoor scene conveys a sense of freedom and self-expression. The music, on the other hand, has a contemplative, almost melancholic tone. This emotional dissonance doesn't amplify the video's intended message.  The video aims to contrast internal struggle with external release, while the music maintains a consistent mood that doesn't reflect this duality.

Cultural Relevance: Neither the music nor the video appears to be making any specific cultural references. The visual content is relatively generic, featuring scenes that could be interpreted in a variety of cultural contexts.  Similarly, the music itself doesn't have distinct cultural markers. While the language of the music is identifiable, it doesn't necessarily tie the music to a particular cultural narrative or tradition within the video's context.  Thus, there isn't a discernible cultural interplay or connection between the two elements.
",train,True,data/revision/videos/--A5NAjLZzo.mp4,11.466666666666669,,7c96667d82e33a0efe68bbbd39b1e3e31413ab51b801e2faeab8b32982edce63,data/revision/features/fb18d57d296b/--A5NAjLZzo.npz,0.9236602783203125,0.0036699685733765364,1.0,True,True,True,False,,,,
27148,CVbIHK7pnOg,https://www.youtube.com/watch?v=CVbIHK7pnOg,"Rhythm and Synchronization: The music's tempo is medium, which generally aligns with the pacing of the video. The video features a woman walking down a city street, and while the shots switch between wider perspectives and closer views from a camera's LCD screen, the overall pace remains relatively consistent. Since the video has minimal change or dynamism, there aren't distinct transitions where hard cuts or visual shifts coincide with musical changes. The music flows smoothly, providing an even backdrop to the visual content. There's a subtle rhythmic coherence as the woman's strides and the gentle sway of the camera create a visual rhythm that doesn't clash with the music's steady beat. 

Theme and Content: The video showcases a model walking down a street, seemingly being filmed for a photoshoot or similar project. The music, a chill R&B track, doesn't directly relate to the subject matter of the video. There's no narrative being told, so the music doesn't enhance or detract from any particular storyline.  The video's focus is primarily visual – the model, her outfit, and the urban environment – while the music exists as a separate auditory layer. They coexist without a strong thematic connection.

Emotion: The video itself is emotionally neutral. It's a straightforward depiction of a model walking, and it doesn't evoke any specific feelings. The music, with its mellow and slightly sensual vibe, carries a subtle emotional undertone, but this doesn't directly interact with or influence the emotionless nature of the video. Thus, the emotional cohesion is unrelated.

Cultural Relevance: Neither the music nor the video contains overt cultural elements. The urban setting of the video is generic and could be found in various cities worldwide.  The music similarly lacks distinct cultural markers.  Therefore, there's no basis for analyzing shared or mismatched cultural references.
",train,True,data/revision/videos/CVbIHK7pnOg.mp4,9.445843828715368,,60593d56460820443b1624ab751ea6ececc522e2b3e9c69ae281a411131fa16c,data/revision/features/fb18d57d296b/CVbIHK7pnOg.npz,0.5655253529548645,0.04178519919514656,1.0,True,True,False,True,,,,
20657,f1Cys2Pa9yQ,https://www.youtube.com/watch?v=f1Cys2Pa9yQ,"Here's a detailed analysis of the provided video and music, taking into account the nuances of the labels:

Rhythm and Synchronization: The music maintains a consistent, mid-tempo groove throughout. This aligns well with the video's relatively steady pace, presenting a series of gadget showcases without rapid or jarring cuts.  The music doesn't react specifically to every individual transition, instead providing a consistent sonic backdrop. This creates a sense of smooth progression as the video moves from one gadget to the next, preventing a disjointed feel that could arise from overly-synced music.  

Theme and Content: The music possesses a modern, electronic feel.  While not directly related to the video's specific content about gadgets, it contributes to a general atmosphere of technological advancement. However, the music doesn't specifically underscore the features or functionalities of each gadget presented. There's no sense that the music is designed to highlight or narratively enhance the video's core message. The connection is more ambient than thematic.

Emotion: The music conveys a neutral, almost unemotional vibe, focusing on rhythmic drive rather than melodic expressiveness.  This aligns with the video's straightforward, informational presentation style. The video itself lacks strong emotional cues, prioritizing product showcasing over evoking specific feelings. Therefore, while the music and video exist in a similar emotional space, the music doesn't necessarily amplify the emotional impact; rather, it coexists with the video's neutrality.

Cultural Relevance:  Neither the music nor the video exhibits any overt cultural signifiers. The focus remains firmly on the technology being presented, without any attempt to connect it to specific cultural contexts or geographical locations. The visuals and sound remain generalized and universally applicable, making the overall presentation neutral in terms of cultural relevance.
",train,True,data/revision/videos/f1Cys2Pa9yQ.mp4,48.333333333333336,,4ed01c4e1e86d726ee321b2980426208253d79c58c7138afb37618991b2c42a6,data/revision/features/fb18d57d296b/f1Cys2Pa9yQ.npz,0.4699852466583252,0.7103765606880188,1.0,True,False,False,False,,,,
5889,3N4ztMIVYSA,https://www.youtube.com/watch?v=3N4ztMIVYSA,"Rhythm and Synchronization: The music maintains a consistent, moderately paced rhythm throughout. The video, demonstrating the creation of paper candies as gifts for Mother's Day, features a series of actions and cuts. However, there is no discernible connection between the musical rhythm and these visual transitions. The music doesn't accentuate the folding, writing, or cutting actions, nor does it shift in tempo or intensity during these moments.  This lack of synchronization creates a sense of detachment between the audio and visual components, making the experience feel somewhat disjointed.

Theme and Content: The video's content focuses on a craft project: making Mother's Day gifts. It's a visual tutorial without a spoken narrative, emphasizing the process of creation. The music, a Bollywood song, tells a story of a mother's love and devotion. While both the video and music relate to the theme of motherhood, their specific messages don't intersect. The video is about expressing appreciation through a handmade gift, while the song delves into the emotional depths of a mother's sacrifice. This thematic divergence makes the pairing feel somewhat incongruous.

Emotion: The video evokes feelings of appreciation and perhaps a touch of heartwarming sentiment associated with the creation of a personalized gift. The visuals themselves are rather neutral, focusing on the steps of the craft. The music, in contrast, expresses a more intense emotional palette. The vocals and instrumentation convey deep love, longing, and a sense of reverence for mothers. This rich emotional landscape within the music clashes with the relatively simple, less emotionally charged atmosphere of the video, creating a disconnect in emotional tone.

Cultural Relevance: The video doesn't display any overt cultural markers, appearing to be a general craft tutorial applicable across various cultural contexts. The music, however, is distinctly Bollywood in style, with characteristic instrumentation and vocal delivery. This cultural specificity of the music isn't reflected in the video.  There are no visual cues that connect to the cultural context of the music, reinforcing the sense of separation between the two.  While Mother's Day is celebrated globally, the video doesn't highlight any particular geographic location, leaving the cultural relevance solely to the Bollywood song.
",test,True,data/revision/videos/3N4ztMIVYSA.mp4,35.7,,d6152cb2ca6128dda4dd0fced27188275fbd19a27ae739c010c3aaac19136cb2,data/revision/features/fb18d57d296b/3N4ztMIVYSA.npz,0.8857202529907227,0.13582798838615417,1.0,True,True,True,False,,,,
41273,7jFX1ju2b7s,https://www.youtube.com/watch?v=7jFX1ju2b7s,"Rhythm and Synchronization: The music maintains a fast tempo throughout, aligning well with the dynamic, quick cuts and transitions of the video. Though the video shifts between different scenes and close-ups, the consistent rhythm of the music provides a cohesive backdrop. At the 3-second mark, the transition from a close-up of Rosé to a shot featuring both artists is smooth, although there isn't a noticeable musical change accompanying it. This constant rhythmic drive of the music contributes to the energetic feel and keeps the viewer engaged despite the changes in visuals.

Theme and Content: The video serves primarily as a promotional piece for the song, focusing on the artists and the track title, rather than conveying a specific narrative. While the music's theme of desire and longing is present, the video doesn’t directly illustrate this theme through storytelling. Instead, the focus remains on the artists’ stylish appearances, performance snippets, and the overall aesthetic of the piece. This indirect thematic connection allows the video to function effectively as an advertisement for the song without delving deeply into the song's lyrical narrative.

Emotion: The music exudes a strong sense of confidence and allure, consistent with the artists' portrayal in the video. Rosé’s expressions and postures convey a sense of playful confidence, while Bruno Mars’ demeanor adds a layer of cool charisma.  While the video doesn't aim to express a wide range of emotions, the music and the video maintain a partially consistent emotional tone. They both embody a vibrant, self-assured energy.


Cultural Relevance: The video predominantly focuses on the artists and their musical collaboration, rather than specific cultural elements.  The focus remains on the artists' styles and the overall aesthetic of the video, without making overt cultural references.  This lack of specific cultural elements aligns with the intention of the video as a promotional piece, highlighting the song and the collaboration itself.
",train,True,data/revision/videos/7jFX1ju2b7s.mp4,13.046532633057906,,4bd860b9fe5f781efac68fa2472a6d3706f3b23ece425ff9616627e553b31428,data/revision/features/fb18d57d296b/7jFX1ju2b7s.npz,0.8845584988594055,0.002328936941921711,1.0,True,True,False,True,,,,
41819,09fgf6FdI9Q,https://www.youtube.com/watch?v=09fgf6FdI9Q,"Rhythm and Synchronization: The video features a series of quick cuts showcasing various aspects of a Bali honeymoon, creating a dynamic and fast-paced visual experience.  However, the music maintains a consistent, medium tempo throughout, creating a disconnect between the visual and auditory rhythms.  The lack of synchronization between the music and video transitions further emphasizes this mismatch. The music doesn't react to or anticipate the visual shifts, instead flowing independently of the video's editing.

Theme and Content: The video focuses on the luxurious and adventurous aspects of a honeymoon in Bali, highlighting romantic activities like private poolside breakfasts, sunset dinners, and exploring the island's natural beauty. The music, on the other hand, seems to be a romantic Bollywood song, possibly about the deep connection between two people. While the theme of romance is present in both, the specific content doesn't align. The video showcases a travel experience, while the music appears to explore a more personal and intimate relationship. This difference in focus contributes to a sense of thematic dissonance.

Emotion: The video conveys a sense of excitement, adventure, and appreciation for the beauty of Bali. The quick cuts and vibrant visuals generate an energetic and upbeat mood. The music, although romantic in nature, doesn't share this same energetic quality.  Its relatively mellow tone and focus on intimacy create a different emotional landscape.  While both evoke positive emotions, the specific feelings differ, leading to a lack of emotional coherence.  The music doesn't necessarily enhance or diminish the video's impact, but rather exists separately, creating a parallel emotional experience.

Cultural Relevance: The video is firmly rooted in Balinese culture, showcasing specific locations and activities associated with the island.  The floating breakfast, the Bali swing, and Nusa Penida Island are all distinctly Balinese elements, giving the video a clear geographical and cultural context. However, the Hindi Bollywood music introduces a different cultural element, seemingly unrelated to Bali.  While there's no inherent conflict between these two cultures, their juxtaposition in this video feels disjointed.  The music doesn't reflect or enhance the video's Balinese focus, contributing to a lack of cultural coherence.
",train,True,data/revision/videos/09fgf6FdI9Q.mp4,29.933333333333334,,b1dce8e33c28d5db2d162ec359be6f7ed38993aefc1864b3164156f290f47a26,data/revision/features/fb18d57d296b/09fgf6FdI9Q.npz,0.838665246963501,0.024676742032170296,1.0,True,True,True,False,,,,
25233,C8lZDP3zbbI,https://www.youtube.com/watch?v=C8lZDP3zbbI,"Rhythm and Synchronization: The music's tempo is consistently slow and relaxed, featuring a laid-back groove and mellow instrumentation.  The video, however, portrays a more dynamic activity – snowboarding. This creates a rhythmic mismatch.  While the video includes a transition at the 2-second mark where the camera angle shifts, there's no corresponding change in the music. This lack of musical response to the visual shift further emphasizes the rhythmic disconnect between the audio and visual elements. The leisurely pace of the music doesn't reflect the movement and energy inherent in the snowboarding action.

Theme and Content: The video showcases a snowboarder's commute to work, highlighting an unconventional and adventurous lifestyle. The music, with its chill and relaxed vibe, doesn't directly relate to the theme of snowboarding or the implied excitement of such a unique commute. The lyrical content, which seems to focus on themes of love and relationships (based on the few audible lyrics), doesn't complement the video's focus on work and lifestyle.  This thematic dissonance detracts from the overall coherence of the combined audio-visual experience.

Emotion: The video projects feelings of happiness and cheerfulness as the snowboarder glides down the snowy slope.  This lighthearted and positive tone clashes with the music's more mellow and perhaps even slightly melancholic vibe.  While the music might evoke a sense of relaxation, it doesn't amplify or even complement the joyful emotion conveyed by the video. Instead, the contrasting emotional tones create a disconnect, potentially dampening the overall impact.

Cultural Relevance: Neither the video nor the music exhibit prominent cultural elements.  The video primarily focuses on the individual's activity and natural surroundings, while the music's style and (limited) lyrical content don't appear to be tied to any specific cultural context. This absence of shared cultural elements further contributes to the overall sense of disconnect between the two mediums.
",train,True,data/revision/videos/C8lZDP3zbbI.mp4,7.966666666666667,,bcf3c6906dff24ea2c42b7235874d4dc220461fa478bcb888be47fb36e9b1136,data/revision/features/fb18d57d296b/C8lZDP3zbbI.npz,0.82275390625,0.09525930136442184,1.0,True,True,True,False,,,,
